station_id,station_name,latitude,longitude,timestamp,value,unit
EXEMPLE-1,"Balise fictive, secteur 1",48.3,-4.3,2026-10-04T00:00:00Z,99,nSv/h
EXEMPLE-1,"Balise fictive, secteur 1",48.3,-4.3,2026-10-04T01:00:00Z,101,nSv/h
EXEMPLE-1,"Balise fictive, secteur 1",48.3,-4.3,2026-10-04T02:00:00Z,99,nSv/h
EXEMPLE-1,"Balise fictive, secteur 1",48.3,-4.3,2026-10-04T03:00:00Z,101,nSv/h
EXEMPLE-1,"Balise fictive, secteur 1",48.3,-4.3,2026-10-04T04:00:00Z,99,nSv/h
EXEMPLE-1,"Balise fictive, secteur 1",48.3,-4.3,2026-10-04T05:00:00Z,101,nSv/h
EXEMPLE-1,"Balise fictive, secteur 1",48.3,-4.3,2026-10-04T06:00:00Z,99,nSv/h
EXEMPLE-1,"Balise fictive, secteur 1",48.3,-4.3,2026-10-04T07:00:00Z,101,nSv/h
EXEMPLE-1,"Balise fictive, secteur 1",48.3,-4.3,2026-10-04T08:00:00Z,99,nSv/h
EXEMPLE-1,"Balise fictive, secteur 1",48.3,-4.3,2026-10-04T09:00:00Z,101,nSv/h
EXEMPLE-1,"Balise fictive, secteur 1",48.3,-4.3,2026-10-04T10:00:00Z,99,nSv/h
EXEMPLE-1,"Balise fictive, secteur 1",48.3,-4.3,2026-10-04T11:00:00Z,101,nSv/h
EXEMPLE-1,"Balise fictive, secteur 1",48.3,-4.3,2026-10-04T12:00:00Z,99,nSv/h
EXEMPLE-1,"Balise fictive, secteur 1",48.3,-4.3,2026-10-04T13:00:00Z,101,nSv/h
EXEMPLE-1,"Balise fictive, secteur 1",48.3,-4.3,2026-10-04T14:00:00Z,99,nSv/h
EXEMPLE-1,"Balise fictive, secteur 1",48.3,-4.3,2026-10-04T15:00:00Z,101,nSv/h
EXEMPLE-1,"Balise fictive, secteur 1",48.3,-4.3,2026-10-04T16:00:00Z,99,nSv/h
EXEMPLE-1,"Balise fictive, secteur 1",48.3,-4.3,2026-10-04T17:00:00Z,101,nSv/h
EXEMPLE-1,"Balise fictive, secteur 1",48.3,-4.3,2026-10-04T18:00:00Z,99,nSv/h
EXEMPLE-1,"Balise fictive, secteur 1",48.3,-4.3,2026-10-04T19:00:00Z,101,nSv/h
EXEMPLE-1,"Balise fictive, secteur 1",48.3,-4.3,2026-10-04T20:00:00Z,99,nSv/h
EXEMPLE-1,"Balise fictive, secteur 1",48.3,-4.3,2026-10-04T21:00:00Z,101,nSv/h
EXEMPLE-1,"Balise fictive, secteur 1",48.3,-4.3,2026-10-04T22:00:00Z,99,nSv/h
EXEMPLE-1,"Balise fictive, secteur 1",48.3,-4.3,2026-10-04T23:00:00Z,101,nSv/h
EXEMPLE-1,"Balise fictive, secteur 1",48.3,-4.3,2026-10-05T00:00:00Z,99,nSv/h
EXEMPLE-1,"Balise fictive, secteur 1",48.3,-4.3,2026-10-05T01:00:00Z,101,nSv/h
EXEMPLE-1,"Balise fictive, secteur 1",48.3,-4.3,2026-10-05T02:00:00Z,99,nSv/h
EXEMPLE-1,"Balise fictive, secteur 1",48.3,-4.3,2026-10-05T03:00:00Z,101,nSv/h
EXEMPLE-1,"Balise fictive, secteur 1",48.3,-4.3,2026-10-05T04:00:00Z,99,nSv/h
EXEMPLE-1,"Balise fictive, secteur 1",48.3,-4.3,2026-10-05T05:00:00Z,101,nSv/h
EXEMPLE-1,"Balise fictive, secteur 1",48.3,-4.3,2026-10-05T06:00:00Z,99,nSv/h
EXEMPLE-1,"Balise fictive, secteur 1",48.3,-4.3,2026-10-05T07:00:00Z,101,nSv/h
EXEMPLE-1,"Balise fictive, secteur 1",48.3,-4.3,2026-10-05T08:00:00Z,99,nSv/h
EXEMPLE-1,"Balise fictive, secteur 1",48.3,-4.3,2026-10-05T09:00:00Z,101,nSv/h
EXEMPLE-1,"Balise fictive, secteur 1",48.3,-4.3,2026-10-05T10:00:00Z,99,nSv/h
EXEMPLE-1,"Balise fictive, secteur 1",48.3,-4.3,2026-10-05T11:00:00Z,101,nSv/h
EXEMPLE-1,"Balise fictive, secteur 1",48.3,-4.3,2026-10-05T12:00:00Z,99,nSv/h
EXEMPLE-1,"Balise fictive, secteur 1",48.3,-4.3,2026-10-05T13:00:00Z,101,nSv/h
EXEMPLE-1,"Balise fictive, secteur 1",48.3,-4.3,2026-10-05T14:00:00Z,99,nSv/h
EXEMPLE-1,"Balise fictive, secteur 1",48.3,-4.3,2026-10-05T15:00:00Z,101,nSv/h
EXEMPLE-1,"Balise fictive, secteur 1",48.3,-4.3,2026-10-05T16:00:00Z,99,nSv/h
EXEMPLE-1,"Balise fictive, secteur 1",48.3,-4.3,2026-10-05T17:00:00Z,101,nSv/h
EXEMPLE-1,"Balise fictive, secteur 1",48.3,-4.3,2026-10-05T18:00:00Z,99,nSv/h
EXEMPLE-1,"Balise fictive, secteur 1",48.3,-4.3,2026-10-05T19:00:00Z,101,nSv/h
EXEMPLE-1,"Balise fictive, secteur 1",48.3,-4.3,2026-10-05T20:00:00Z,99,nSv/h
EXEMPLE-1,"Balise fictive, secteur 1",48.3,-4.3,2026-10-05T21:00:00Z,101,nSv/h
EXEMPLE-1,"Balise fictive, secteur 1",48.3,-4.3,2026-10-05T22:00:00Z,99,nSv/h
EXEMPLE-1,"Balise fictive, secteur 1",48.3,-4.3,2026-10-05T23:00:00Z,101,nSv/h
EXEMPLE-1,"Balise fictive, secteur 1",48.3,-4.3,2026-10-06T00:00:00Z,99,nSv/h
EXEMPLE-1,"Balise fictive, secteur 1",48.3,-4.3,2026-10-06T01:00:00Z,101,nSv/h
EXEMPLE-1,"Balise fictive, secteur 1",48.3,-4.3,2026-10-06T02:00:00Z,99,nSv/h
EXEMPLE-1,"Balise fictive, secteur 1",48.3,-4.3,2026-10-06T03:00:00Z,101,nSv/h
EXEMPLE-1,"Balise fictive, secteur 1",48.3,-4.3,2026-10-06T04:00:00Z,99,nSv/h
EXEMPLE-1,"Balise fictive, secteur 1",48.3,-4.3,2026-10-06T05:00:00Z,101,nSv/h
EXEMPLE-1,"Balise fictive, secteur 1",48.3,-4.3,2026-10-06T06:00:00Z,117,nSv/h
EXEMPLE-1,"Balise fictive, secteur 1",48.3,-4.3,2026-10-06T07:00:00Z,119,nSv/h
EXEMPLE-1,"Balise fictive, secteur 1",48.3,-4.3,2026-10-06T08:00:00Z,117,nSv/h
EXEMPLE-1,"Balise fictive, secteur 1",48.3,-4.3,2026-10-06T09:00:00Z,119,nSv/h
EXEMPLE-1,"Balise fictive, secteur 1",48.3,-4.3,2026-10-06T10:00:00Z,117,nSv/h
EXEMPLE-1,"Balise fictive, secteur 1",48.3,-4.3,2026-10-06T11:00:00Z,119,nSv/h
EXEMPLE-1,"Balise fictive, secteur 1",48.3,-4.3,2026-10-06T12:00:00Z,117,nSv/h
EXEMPLE-1,"Balise fictive, secteur 1",48.3,-4.3,2026-10-06T13:00:00Z,119,nSv/h
EXEMPLE-1,"Balise fictive, secteur 1",48.3,-4.3,2026-10-06T14:00:00Z,99,nSv/h
EXEMPLE-1,"Balise fictive, secteur 1",48.3,-4.3,2026-10-06T15:00:00Z,101,nSv/h
EXEMPLE-1,"Balise fictive, secteur 1",48.3,-4.3,2026-10-06T16:00:00Z,99,nSv/h
EXEMPLE-1,"Balise fictive, secteur 1",48.3,-4.3,2026-10-06T17:00:00Z,101,nSv/h
EXEMPLE-1,"Balise fictive, secteur 1",48.3,-4.3,2026-10-06T18:00:00Z,99,nSv/h
EXEMPLE-1,"Balise fictive, secteur 1",48.3,-4.3,2026-10-06T19:00:00Z,101,nSv/h
EXEMPLE-1,"Balise fictive, secteur 1",48.3,-4.3,2026-10-06T20:00:00Z,99,nSv/h
EXEMPLE-1,"Balise fictive, secteur 1",48.3,-4.3,2026-10-06T21:00:00Z,101,nSv/h
EXEMPLE-1,"Balise fictive, secteur 1",48.3,-4.3,2026-10-06T22:00:00Z,99,nSv/h
EXEMPLE-1,"Balise fictive, secteur 1",48.3,-4.3,2026-10-06T23:00:00Z,101,nSv/h
EXEMPLE-2,"Balise fictive, secteur 2",48.449999999999996,-4.1,2026-10-04T00:00:00Z,104,nSv/h
EXEMPLE-2,"Balise fictive, secteur 2",48.449999999999996,-4.1,2026-10-04T01:00:00Z,106,nSv/h
EXEMPLE-2,"Balise fictive, secteur 2",48.449999999999996,-4.1,2026-10-04T02:00:00Z,104,nSv/h
EXEMPLE-2,"Balise fictive, secteur 2",48.449999999999996,-4.1,2026-10-04T03:00:00Z,106,nSv/h
EXEMPLE-2,"Balise fictive, secteur 2",48.449999999999996,-4.1,2026-10-04T04:00:00Z,104,nSv/h
EXEMPLE-2,"Balise fictive, secteur 2",48.449999999999996,-4.1,2026-10-04T05:00:00Z,106,nSv/h
EXEMPLE-2,"Balise fictive, secteur 2",48.449999999999996,-4.1,2026-10-04T06:00:00Z,104,nSv/h
EXEMPLE-2,"Balise fictive, secteur 2",48.449999999999996,-4.1,2026-10-04T07:00:00Z,106,nSv/h
EXEMPLE-2,"Balise fictive, secteur 2",48.449999999999996,-4.1,2026-10-04T08:00:00Z,104,nSv/h
EXEMPLE-2,"Balise fictive, secteur 2",48.449999999999996,-4.1,2026-10-04T09:00:00Z,106,nSv/h
EXEMPLE-2,"Balise fictive, secteur 2",48.449999999999996,-4.1,2026-10-04T10:00:00Z,104,nSv/h
EXEMPLE-2,"Balise fictive, secteur 2",48.449999999999996,-4.1,2026-10-04T11:00:00Z,106,nSv/h
EXEMPLE-2,"Balise fictive, secteur 2",48.449999999999996,-4.1,2026-10-04T12:00:00Z,104,nSv/h
EXEMPLE-2,"Balise fictive, secteur 2",48.449999999999996,-4.1,2026-10-04T13:00:00Z,106,nSv/h
EXEMPLE-2,"Balise fictive, secteur 2",48.449999999999996,-4.1,2026-10-04T14:00:00Z,104,nSv/h
EXEMPLE-2,"Balise fictive, secteur 2",48.449999999999996,-4.1,2026-10-04T15:00:00Z,106,nSv/h
EXEMPLE-2,"Balise fictive, secteur 2",48.449999999999996,-4.1,2026-10-04T16:00:00Z,104,nSv/h
EXEMPLE-2,"Balise fictive, secteur 2",48.449999999999996,-4.1,2026-10-04T17:00:00Z,106,nSv/h
EXEMPLE-2,"Balise fictive, secteur 2",48.449999999999996,-4.1,2026-10-04T18:00:00Z,104,nSv/h
EXEMPLE-2,"Balise fictive, secteur 2",48.449999999999996,-4.1,2026-10-04T19:00:00Z,106,nSv/h
EXEMPLE-2,"Balise fictive, secteur 2",48.449999999999996,-4.1,2026-10-04T20:00:00Z,104,nSv/h
EXEMPLE-2,"Balise fictive, secteur 2",48.449999999999996,-4.1,2026-10-04T21:00:00Z,106,nSv/h
EXEMPLE-2,"Balise fictive, secteur 2",48.449999999999996,-4.1,2026-10-04T22:00:00Z,104,nSv/h
EXEMPLE-2,"Balise fictive, secteur 2",48.449999999999996,-4.1,2026-10-04T23:00:00Z,106,nSv/h
EXEMPLE-2,"Balise fictive, secteur 2",48.449999999999996,-4.1,2026-10-05T00:00:00Z,104,nSv/h
EXEMPLE-2,"Balise fictive, secteur 2",48.449999999999996,-4.1,2026-10-05T01:00:00Z,106,nSv/h
EXEMPLE-2,"Balise fictive, secteur 2",48.449999999999996,-4.1,2026-10-05T02:00:00Z,104,nSv/h
EXEMPLE-2,"Balise fictive, secteur 2",48.449999999999996,-4.1,2026-10-05T03:00:00Z,106,nSv/h
EXEMPLE-2,"Balise fictive, secteur 2",48.449999999999996,-4.1,2026-10-05T04:00:00Z,104,nSv/h
EXEMPLE-2,"Balise fictive, secteur 2",48.449999999999996,-4.1,2026-10-05T05:00:00Z,106,nSv/h
EXEMPLE-2,"Balise fictive, secteur 2",48.449999999999996,-4.1,2026-10-05T06:00:00Z,104,nSv/h
EXEMPLE-2,"Balise fictive, secteur 2",48.449999999999996,-4.1,2026-10-05T07:00:00Z,106,nSv/h
EXEMPLE-2,"Balise fictive, secteur 2",48.449999999999996,-4.1,2026-10-05T08:00:00Z,104,nSv/h
EXEMPLE-2,"Balise fictive, secteur 2",48.449999999999996,-4.1,2026-10-05T09:00:00Z,106,nSv/h
EXEMPLE-2,"Balise fictive, secteur 2",48.449999999999996,-4.1,2026-10-05T10:00:00Z,104,nSv/h
EXEMPLE-2,"Balise fictive, secteur 2",48.449999999999996,-4.1,2026-10-05T11:00:00Z,106,nSv/h
EXEMPLE-2,"Balise fictive, secteur 2",48.449999999999996,-4.1,2026-10-05T12:00:00Z,104,nSv/h
EXEMPLE-2,"Balise fictive, secteur 2",48.449999999999996,-4.1,2026-10-05T13:00:00Z,106,nSv/h
EXEMPLE-2,"Balise fictive, secteur 2",48.449999999999996,-4.1,2026-10-05T14:00:00Z,104,nSv/h
EXEMPLE-2,"Balise fictive, secteur 2",48.449999999999996,-4.1,2026-10-05T15:00:00Z,106,nSv/h
EXEMPLE-2,"Balise fictive, secteur 2",48.449999999999996,-4.1,2026-10-05T16:00:00Z,104,nSv/h
EXEMPLE-2,"Balise fictive, secteur 2",48.449999999999996,-4.1,2026-10-05T17:00:00Z,106,nSv/h
EXEMPLE-2,"Balise fictive, secteur 2",48.449999999999996,-4.1,2026-10-05T18:00:00Z,104,nSv/h
EXEMPLE-2,"Balise fictive, secteur 2",48.449999999999996,-4.1,2026-10-05T19:00:00Z,106,nSv/h
EXEMPLE-2,"Balise fictive, secteur 2",48.449999999999996,-4.1,2026-10-05T20:00:00Z,104,nSv/h
EXEMPLE-2,"Balise fictive, secteur 2",48.449999999999996,-4.1,2026-10-05T21:00:00Z,106,nSv/h
EXEMPLE-2,"Balise fictive, secteur 2",48.449999999999996,-4.1,2026-10-05T22:00:00Z,104,nSv/h
EXEMPLE-2,"Balise fictive, secteur 2",48.449999999999996,-4.1,2026-10-05T23:00:00Z,106,nSv/h
EXEMPLE-2,"Balise fictive, secteur 2",48.449999999999996,-4.1,2026-10-06T00:00:00Z,104,nSv/h
EXEMPLE-2,"Balise fictive, secteur 2",48.449999999999996,-4.1,2026-10-06T01:00:00Z,106,nSv/h
EXEMPLE-2,"Balise fictive, secteur 2",48.449999999999996,-4.1,2026-10-06T02:00:00Z,104,nSv/h
EXEMPLE-2,"Balise fictive, secteur 2",48.449999999999996,-4.1,2026-10-06T03:00:00Z,106,nSv/h
EXEMPLE-2,"Balise fictive, secteur 2",48.449999999999996,-4.1,2026-10-06T04:00:00Z,104,nSv/h
EXEMPLE-2,"Balise fictive, secteur 2",48.449999999999996,-4.1,2026-10-06T05:00:00Z,106,nSv/h
EXEMPLE-2,"Balise fictive, secteur 2",48.449999999999996,-4.1,2026-10-06T06:00:00Z,122,nSv/h
EXEMPLE-2,"Balise fictive, secteur 2",48.449999999999996,-4.1,2026-10-06T07:00:00Z,124,nSv/h
EXEMPLE-2,"Balise fictive, secteur 2",48.449999999999996,-4.1,2026-10-06T08:00:00Z,122,nSv/h
EXEMPLE-2,"Balise fictive, secteur 2",48.449999999999996,-4.1,2026-10-06T09:00:00Z,124,nSv/h
EXEMPLE-2,"Balise fictive, secteur 2",48.449999999999996,-4.1,2026-10-06T10:00:00Z,122,nSv/h
EXEMPLE-2,"Balise fictive, secteur 2",48.449999999999996,-4.1,2026-10-06T11:00:00Z,124,nSv/h
EXEMPLE-2,"Balise fictive, secteur 2",48.449999999999996,-4.1,2026-10-06T12:00:00Z,122,nSv/h
EXEMPLE-2,"Balise fictive, secteur 2",48.449999999999996,-4.1,2026-10-06T13:00:00Z,124,nSv/h
EXEMPLE-2,"Balise fictive, secteur 2",48.449999999999996,-4.1,2026-10-06T14:00:00Z,104,nSv/h
EXEMPLE-2,"Balise fictive, secteur 2",48.449999999999996,-4.1,2026-10-06T15:00:00Z,106,nSv/h
EXEMPLE-2,"Balise fictive, secteur 2",48.449999999999996,-4.1,2026-10-06T16:00:00Z,104,nSv/h
EXEMPLE-2,"Balise fictive, secteur 2",48.449999999999996,-4.1,2026-10-06T17:00:00Z,106,nSv/h
EXEMPLE-2,"Balise fictive, secteur 2",48.449999999999996,-4.1,2026-10-06T18:00:00Z,104,nSv/h
EXEMPLE-2,"Balise fictive, secteur 2",48.449999999999996,-4.1,2026-10-06T19:00:00Z,106,nSv/h
EXEMPLE-2,"Balise fictive, secteur 2",48.449999999999996,-4.1,2026-10-06T20:00:00Z,104,nSv/h
EXEMPLE-2,"Balise fictive, secteur 2",48.449999999999996,-4.1,2026-10-06T21:00:00Z,106,nSv/h
EXEMPLE-2,"Balise fictive, secteur 2",48.449999999999996,-4.1,2026-10-06T22:00:00Z,104,nSv/h
EXEMPLE-2,"Balise fictive, secteur 2",48.449999999999996,-4.1,2026-10-06T23:00:00Z,106,nSv/h
EXEMPLE-3,"Balise fictive, secteur 3",48.599999999999994,-3.9,2026-10-04T00:00:00Z,109,nSv/h
EXEMPLE-3,"Balise fictive, secteur 3",48.599999999999994,-3.9,2026-10-04T01:00:00Z,111,nSv/h
EXEMPLE-3,"Balise fictive, secteur 3",48.599999999999994,-3.9,2026-10-04T02:00:00Z,109,nSv/h
EXEMPLE-3,"Balise fictive, secteur 3",48.599999999999994,-3.9,2026-10-04T03:00:00Z,111,nSv/h
EXEMPLE-3,"Balise fictive, secteur 3",48.599999999999994,-3.9,2026-10-04T04:00:00Z,109,nSv/h
EXEMPLE-3,"Balise fictive, secteur 3",48.599999999999994,-3.9,2026-10-04T05:00:00Z,111,nSv/h
EXEMPLE-3,"Balise fictive, secteur 3",48.599999999999994,-3.9,2026-10-04T06:00:00Z,109,nSv/h
EXEMPLE-3,"Balise fictive, secteur 3",48.599999999999994,-3.9,2026-10-04T07:00:00Z,111,nSv/h
EXEMPLE-3,"Balise fictive, secteur 3",48.599999999999994,-3.9,2026-10-04T08:00:00Z,109,nSv/h
EXEMPLE-3,"Balise fictive, secteur 3",48.599999999999994,-3.9,2026-10-04T09:00:00Z,111,nSv/h
EXEMPLE-3,"Balise fictive, secteur 3",48.599999999999994,-3.9,2026-10-04T10:00:00Z,109,nSv/h
EXEMPLE-3,"Balise fictive, secteur 3",48.599999999999994,-3.9,2026-10-04T11:00:00Z,111,nSv/h
EXEMPLE-3,"Balise fictive, secteur 3",48.599999999999994,-3.9,2026-10-04T12:00:00Z,109,nSv/h
EXEMPLE-3,"Balise fictive, secteur 3",48.599999999999994,-3.9,2026-10-04T13:00:00Z,111,nSv/h
EXEMPLE-3,"Balise fictive, secteur 3",48.599999999999994,-3.9,2026-10-04T14:00:00Z,109,nSv/h
EXEMPLE-3,"Balise fictive, secteur 3",48.599999999999994,-3.9,2026-10-04T15:00:00Z,111,nSv/h
EXEMPLE-3,"Balise fictive, secteur 3",48.599999999999994,-3.9,2026-10-04T16:00:00Z,109,nSv/h
EXEMPLE-3,"Balise fictive, secteur 3",48.599999999999994,-3.9,2026-10-04T17:00:00Z,111,nSv/h
EXEMPLE-3,"Balise fictive, secteur 3",48.599999999999994,-3.9,2026-10-04T18:00:00Z,109,nSv/h
EXEMPLE-3,"Balise fictive, secteur 3",48.599999999999994,-3.9,2026-10-04T19:00:00Z,111,nSv/h
EXEMPLE-3,"Balise fictive, secteur 3",48.599999999999994,-3.9,2026-10-04T20:00:00Z,109,nSv/h
EXEMPLE-3,"Balise fictive, secteur 3",48.599999999999994,-3.9,2026-10-04T21:00:00Z,111,nSv/h
EXEMPLE-3,"Balise fictive, secteur 3",48.599999999999994,-3.9,2026-10-04T22:00:00Z,109,nSv/h
EXEMPLE-3,"Balise fictive, secteur 3",48.599999999999994,-3.9,2026-10-04T23:00:00Z,111,nSv/h
EXEMPLE-3,"Balise fictive, secteur 3",48.599999999999994,-3.9,2026-10-05T00:00:00Z,109,nSv/h
EXEMPLE-3,"Balise fictive, secteur 3",48.599999999999994,-3.9,2026-10-05T01:00:00Z,111,nSv/h
EXEMPLE-3,"Balise fictive, secteur 3",48.599999999999994,-3.9,2026-10-05T02:00:00Z,109,nSv/h
EXEMPLE-3,"Balise fictive, secteur 3",48.599999999999994,-3.9,2026-10-05T03:00:00Z,111,nSv/h
EXEMPLE-3,"Balise fictive, secteur 3",48.599999999999994,-3.9,2026-10-05T04:00:00Z,109,nSv/h
EXEMPLE-3,"Balise fictive, secteur 3",48.599999999999994,-3.9,2026-10-05T05:00:00Z,111,nSv/h
EXEMPLE-3,"Balise fictive, secteur 3",48.599999999999994,-3.9,2026-10-05T06:00:00Z,109,nSv/h
EXEMPLE-3,"Balise fictive, secteur 3",48.599999999999994,-3.9,2026-10-05T07:00:00Z,111,nSv/h
EXEMPLE-3,"Balise fictive, secteur 3",48.599999999999994,-3.9,2026-10-05T08:00:00Z,109,nSv/h
EXEMPLE-3,"Balise fictive, secteur 3",48.599999999999994,-3.9,2026-10-05T09:00:00Z,111,nSv/h
EXEMPLE-3,"Balise fictive, secteur 3",48.599999999999994,-3.9,2026-10-05T10:00:00Z,109,nSv/h
EXEMPLE-3,"Balise fictive, secteur 3",48.599999999999994,-3.9,2026-10-05T11:00:00Z,111,nSv/h
EXEMPLE-3,"Balise fictive, secteur 3",48.599999999999994,-3.9,2026-10-05T12:00:00Z,109,nSv/h
EXEMPLE-3,"Balise fictive, secteur 3",48.599999999999994,-3.9,2026-10-05T13:00:00Z,111,nSv/h
EXEMPLE-3,"Balise fictive, secteur 3",48.599999999999994,-3.9,2026-10-05T14:00:00Z,109,nSv/h
EXEMPLE-3,"Balise fictive, secteur 3",48.599999999999994,-3.9,2026-10-05T15:00:00Z,111,nSv/h
EXEMPLE-3,"Balise fictive, secteur 3",48.599999999999994,-3.9,2026-10-05T16:00:00Z,109,nSv/h
EXEMPLE-3,"Balise fictive, secteur 3",48.599999999999994,-3.9,2026-10-05T17:00:00Z,111,nSv/h
EXEMPLE-3,"Balise fictive, secteur 3",48.599999999999994,-3.9,2026-10-05T18:00:00Z,109,nSv/h
EXEMPLE-3,"Balise fictive, secteur 3",48.599999999999994,-3.9,2026-10-05T19:00:00Z,111,nSv/h
EXEMPLE-3,"Balise fictive, secteur 3",48.599999999999994,-3.9,2026-10-05T20:00:00Z,109,nSv/h
EXEMPLE-3,"Balise fictive, secteur 3",48.599999999999994,-3.9,2026-10-05T21:00:00Z,111,nSv/h
EXEMPLE-3,"Balise fictive, secteur 3",48.599999999999994,-3.9,2026-10-05T22:00:00Z,109,nSv/h
EXEMPLE-3,"Balise fictive, secteur 3",48.599999999999994,-3.9,2026-10-05T23:00:00Z,111,nSv/h
EXEMPLE-3,"Balise fictive, secteur 3",48.599999999999994,-3.9,2026-10-06T00:00:00Z,109,nSv/h
EXEMPLE-3,"Balise fictive, secteur 3",48.599999999999994,-3.9,2026-10-06T01:00:00Z,111,nSv/h
EXEMPLE-3,"Balise fictive, secteur 3",48.599999999999994,-3.9,2026-10-06T02:00:00Z,109,nSv/h
EXEMPLE-3,"Balise fictive, secteur 3",48.599999999999994,-3.9,2026-10-06T03:00:00Z,111,nSv/h
EXEMPLE-3,"Balise fictive, secteur 3",48.599999999999994,-3.9,2026-10-06T04:00:00Z,109,nSv/h
EXEMPLE-3,"Balise fictive, secteur 3",48.599999999999994,-3.9,2026-10-06T05:00:00Z,111,nSv/h
EXEMPLE-3,"Balise fictive, secteur 3",48.599999999999994,-3.9,2026-10-06T06:00:00Z,127,nSv/h
EXEMPLE-3,"Balise fictive, secteur 3",48.599999999999994,-3.9,2026-10-06T07:00:00Z,129,nSv/h
EXEMPLE-3,"Balise fictive, secteur 3",48.599999999999994,-3.9,2026-10-06T08:00:00Z,127,nSv/h
EXEMPLE-3,"Balise fictive, secteur 3",48.599999999999994,-3.9,2026-10-06T09:00:00Z,129,nSv/h
EXEMPLE-3,"Balise fictive, secteur 3",48.599999999999994,-3.9,2026-10-06T10:00:00Z,127,nSv/h
EXEMPLE-3,"Balise fictive, secteur 3",48.599999999999994,-3.9,2026-10-06T11:00:00Z,129,nSv/h
EXEMPLE-3,"Balise fictive, secteur 3",48.599999999999994,-3.9,2026-10-06T12:00:00Z,127,nSv/h
EXEMPLE-3,"Balise fictive, secteur 3",48.599999999999994,-3.9,2026-10-06T13:00:00Z,129,nSv/h
EXEMPLE-3,"Balise fictive, secteur 3",48.599999999999994,-3.9,2026-10-06T14:00:00Z,109,nSv/h
EXEMPLE-3,"Balise fictive, secteur 3",48.599999999999994,-3.9,2026-10-06T15:00:00Z,111,nSv/h
EXEMPLE-3,"Balise fictive, secteur 3",48.599999999999994,-3.9,2026-10-06T16:00:00Z,109,nSv/h
EXEMPLE-3,"Balise fictive, secteur 3",48.599999999999994,-3.9,2026-10-06T17:00:00Z,111,nSv/h
EXEMPLE-3,"Balise fictive, secteur 3",48.599999999999994,-3.9,2026-10-06T18:00:00Z,109,nSv/h
EXEMPLE-3,"Balise fictive, secteur 3",48.599999999999994,-3.9,2026-10-06T19:00:00Z,111,nSv/h
EXEMPLE-3,"Balise fictive, secteur 3",48.599999999999994,-3.9,2026-10-06T20:00:00Z,109,nSv/h
EXEMPLE-3,"Balise fictive, secteur 3",48.599999999999994,-3.9,2026-10-06T21:00:00Z,111,nSv/h
EXEMPLE-3,"Balise fictive, secteur 3",48.599999999999994,-3.9,2026-10-06T22:00:00Z,109,nSv/h
EXEMPLE-3,"Balise fictive, secteur 3",48.599999999999994,-3.9,2026-10-06T23:00:00Z,111,nSv/h
